model,seed,fold,sample_index,y_true,y_prob
pathway_constrained_binn,11,1,10,0,0.1361488699913025
pathway_constrained_binn,11,1,13,0,0.1132536381483078
pathway_constrained_binn,11,1,15,0,0.4272741377353668
pathway_constrained_binn,11,1,16,0,0.016847677528858185
pathway_constrained_binn,11,1,20,1,0.8400434255599976
pathway_constrained_binn,11,1,21,0,0.6221583485603333
pathway_constrained_binn,11,1,33,0,0.753857433795929
pathway_constrained_binn,11,1,39,1,0.7634860277175903
pathway_constrained_binn,11,1,40,1,0.43646085262298584
pathway_constrained_binn,11,1,45,0,0.9834650754928589
pathway_constrained_binn,11,1,47,0,0.9833727478981018
pathway_constrained_binn,11,1,50,1,0.7796507477760315
pathway_constrained_binn,11,1,51,1,0.9714344143867493
pathway_constrained_binn,11,1,54,1,0.9202823042869568
pathway_constrained_binn,11,1,55,1,0.9942336678504944
pathway_constrained_binn,11,1,56,1,0.9978173971176147
pathway_constrained_binn,11,1,67,1,0.004151557106524706
pathway_constrained_binn,11,1,69,1,0.010059503838419914
pathway_constrained_binn,11,1,70,0,0.06335081905126572
pathway_constrained_binn,11,1,71,0,0.2074408233165741
pathway_constrained_binn,11,1,74,0,0.0027174006681889296
pathway_constrained_binn,11,1,84,0,0.0002553066296968609
pathway_constrained_binn,11,1,92,0,0.08405917137861252
pathway_constrained_binn,11,1,93,0,0.0010074543533846736
pathway_constrained_binn,11,1,103,0,0.034683939069509506
pathway_constrained_binn,11,1,116,0,0.04817204922437668
pathway_constrained_binn,11,1,117,1,0.002294623525813222
pathway_constrained_binn,11,1,120,1,0.006666417233645916
pathway_constrained_binn,11,1,122,0,0.12827852368354797
pathway_constrained_binn,11,1,125,1,0.26044121384620667
pathway_constrained_binn,11,1,126,0,0.9805344939231873
pathway_constrained_binn,11,1,131,0,0.9822975397109985
pathway_constrained_binn,11,1,132,0,0.09106706082820892
pathway_constrained_binn,11,1,136,1,0.9990653395652771
pathway_constrained_binn,11,1,137,1,0.9858967661857605
pathway_constrained_binn,11,1,164,0,0.8513186573982239
pathway_constrained_binn,11,1,166,1,0.6267806887626648
pathway_constrained_binn,11,1,167,1,0.14510071277618408
pathway_constrained_binn,11,1,168,1,0.9675968289375305
pathway_constrained_binn,11,1,170,0,0.1895429790019989
pathway_constrained_binn,11,1,172,1,0.9369003176689148
pathway_constrained_binn,11,1,173,1,0.273808091878891
pathway_constrained_binn,11,1,184,1,0.44767990708351135
pathway_constrained_binn,11,1,192,0,0.9149443507194519
pathway_constrained_binn,11,1,193,1,0.9981461763381958
pathway_constrained_binn,11,1,198,0,0.9214865565299988
pathway_constrained_binn,11,1,199,0,0.47982996702194214
pathway_constrained_binn,11,1,209,0,0.0015402158023789525
pathway_constrained_binn,11,1,211,0,0.07393485307693481
pathway_constrained_binn,11,1,219,0,0.5990475416183472
pathway_constrained_binn,11,1,225,0,0.058497410267591476
pathway_constrained_binn,11,1,235,1,0.04018004238605499
pathway_constrained_binn,11,1,245,1,0.5828624367713928
pathway_constrained_binn,11,1,246,0,0.27006274461746216
pathway_constrained_binn,11,1,253,1,0.891459584236145
pathway_constrained_binn,11,1,257,0,0.02689002826809883
pathway_constrained_binn,11,1,258,0,0.031935129314661026
pathway_constrained_binn,11,1,276,0,0.087954580783844
pathway_constrained_binn,11,1,279,0,0.9903967380523682
pathway_constrained_binn,11,1,287,0,0.6101125478744507
pathway_constrained_binn,11,1,292,1,0.7787580490112305
pathway_constrained_binn,11,1,293,0,0.026981158182024956
pathway_constrained_binn,11,1,315,0,0.9777743816375732
pathway_constrained_binn,11,1,316,0,0.0022630449384450912
pathway_constrained_binn,11,1,321,1,0.4995073080062866
pathway_constrained_binn,11,1,322,1,0.2119120955467224
pathway_constrained_binn,11,1,329,0,0.2489905208349228
pathway_constrained_binn,11,1,336,0,0.030307970941066742
pathway_constrained_binn,11,1,352,1,0.27490633726119995
pathway_constrained_binn,11,1,353,1,0.9966837763786316
pathway_constrained_binn,11,1,355,1,0.16606062650680542
pathway_constrained_binn,11,1,356,1,0.2828059494495392
pathway_constrained_binn,11,1,359,1,0.04848729074001312
pathway_constrained_binn,11,1,360,0,0.14403976500034332
pathway_constrained_binn,11,1,377,0,0.08601035177707672
pathway_constrained_binn,11,1,378,0,0.004174577537924051
pathway_constrained_binn,11,1,386,1,0.9900608062744141
pathway_constrained_binn,11,1,387,1,0.9944171905517578
pathway_constrained_binn,11,1,390,0,0.876200795173645
pathway_constrained_binn,11,1,391,1,0.009028535336256027
pathway_constrained_binn,11,1,393,1,0.5691848993301392
pathway_constrained_binn,11,1,401,1,0.9953410625457764
pathway_constrained_binn,11,1,402,1,0.17258530855178833
pathway_constrained_binn,11,1,405,1,0.9993125200271606
pathway_constrained_binn,11,1,409,1,0.5376710295677185
pathway_constrained_binn,11,1,413,0,0.9543995261192322
pathway_constrained_binn,11,1,416,0,0.8861631155014038
pathway_constrained_binn,11,1,433,0,0.16188037395477295
pathway_constrained_binn,11,2,2,1,0.3405669033527374
pathway_constrained_binn,11,2,5,1,0.7467464804649353
pathway_constrained_binn,11,2,6,1,0.09674602001905441
pathway_constrained_binn,11,2,9,1,0.05585828796029091
pathway_constrained_binn,11,2,11,1,0.7915035486221313
pathway_constrained_binn,11,2,25,0,0.020382622256875038
pathway_constrained_binn,11,2,26,0,0.36032426357269287
pathway_constrained_binn,11,2,32,0,0.9256775975227356
pathway_constrained_binn,11,2,38,1,0.6884133815765381
pathway_constrained_binn,11,2,61,1,0.9970948696136475
pathway_constrained_binn,11,2,62,0,0.9969692826271057
pathway_constrained_binn,11,2,63,1,0.9932348132133484
pathway_constrained_binn,11,2,72,1,0.7873249650001526
pathway_constrained_binn,11,2,76,0,0.011722572147846222
pathway_constrained_binn,11,2,85,0,0.00022821601305622607
pathway_constrained_binn,11,2,96,0,0.2040422558784485
pathway_constrained_binn,11,2,99,1,0.3902650475502014
pathway_constrained_binn,11,2,101,1,0.05873413756489754
pathway_constrained_binn,11,2,108,1,0.9972242116928101
pathway_constrained_binn,11,2,109,1,0.9998617172241211
pathway_constrained_binn,11,2,112,0,0.4719995856285095
pathway_constrained_binn,11,2,114,0,0.017964880913496017
pathway_constrained_binn,11,2,118,0,0.8352431058883667
pathway_constrained_binn,11,2,119,0,0.9966108202934265
pathway_constrained_binn,11,2,123,0,0.6497109532356262
pathway_constrained_binn,11,2,129,0,0.03734048828482628
pathway_constrained_binn,11,2,130,0,0.024862824007868767
pathway_constrained_binn,11,2,133,0,0.06165076792240143
pathway_constrained_binn,11,2,140,1,0.24224373698234558
pathway_constrained_binn,11,2,142,1,0.8365969061851501
pathway_constrained_binn,11,2,143,1,0.9796639680862427
pathway_constrained_binn,11,2,147,1,0.9960528612136841
pathway_constrained_binn,11,2,151,1,0.9998840093612671
pathway_constrained_binn,11,2,152,1,0.993976354598999
pathway_constrained_binn,11,2,153,0,0.9594497084617615
pathway_constrained_binn,11,2,162,1,0.9374358057975769
pathway_constrained_binn,11,2,177,1,0.9880667924880981
pathway_constrained_binn,11,2,181,1,0.7567225098609924
pathway_constrained_binn,11,2,182,0,0.13948121666908264
pathway_constrained_binn,11,2,185,1,0.042115937918424606
pathway_constrained_binn,11,2,188,0,0.3948017954826355
pathway_constrained_binn,11,2,189,1,0.9999344348907471
pathway_constrained_binn,11,2,195,1,0.5482417941093445
pathway_constrained_binn,11,2,200,1,0.8975887894630432
pathway_constrained_binn,11,2,201,1,0.7086536884307861
pathway_constrained_binn,11,2,203,0,0.052080873399972916
pathway_constrained_binn,11,2,214,0,0.5828415155410767
pathway_constrained_binn,11,2,217,0,0.4201505482196808
pathway_constrained_binn,11,2,218,0,0.013993147760629654
pathway_constrained_binn,11,2,224,0,0.022985942661762238
pathway_constrained_binn,11,2,230,0,0.11826813966035843
pathway_constrained_binn,11,2,231,0,0.010373598895967007
pathway_constrained_binn,11,2,232,0,0.7145527005195618
pathway_constrained_binn,11,2,244,0,0.3217734098434448
pathway_constrained_binn,11,2,250,1,0.057336073368787766
pathway_constrained_binn,11,2,251,0,0.4361209273338318
pathway_constrained_binn,11,2,252,0,0.3407030999660492
pathway_constrained_binn,11,2,265,0,0.00011252344120293856
pathway_constrained_binn,11,2,270,0,1.6157813661266118e-05
pathway_constrained_binn,11,2,275,1,0.9091635942459106
pathway_constrained_binn,11,2,286,0,0.9942461848258972
pathway_constrained_binn,11,2,290,1,0.6763272285461426
pathway_constrained_binn,11,2,295,1,0.9659179449081421
pathway_constrained_binn,11,2,297,0,0.7302236557006836
pathway_constrained_binn,11,2,300,0,0.9062175154685974
pathway_constrained_binn,11,2,304,1,0.4947485327720642
pathway_constrained_binn,11,2,305,0,0.0195323396474123
pathway_constrained_binn,11,2,309,1,0.04569195210933685
pathway_constrained_binn,11,2,312,0,0.0006240520742721856
pathway_constrained_binn,11,2,333,0,0.1424979269504547
pathway_constrained_binn,11,2,335,1,0.15745769441127777
pathway_constrained_binn,11,2,347,1,0.08280467987060547
pathway_constrained_binn,11,2,348,0,0.06479338556528091
pathway_constrained_binn,11,2,351,1,0.9989458918571472
pathway_constrained_binn,11,2,367,1,0.11833829432725906
pathway_constrained_binn,11,2,368,1,0.986351728439331
pathway_constrained_binn,11,2,374,0,0.00040033430559560657
pathway_constrained_binn,11,2,384,0,0.01002606749534607
pathway_constrained_binn,11,2,400,1,0.9978421926498413
pathway_constrained_binn,11,2,407,1,0.9998045563697815
pathway_constrained_binn,11,2,411,0,0.05911704897880554
pathway_constrained_binn,11,2,414,0,0.5472506284713745
pathway_constrained_binn,11,2,415,0,0.9916790127754211
pathway_constrained_binn,11,2,418,0,0.9700214862823486
pathway_constrained_binn,11,2,421,0,0.00016540056094527245
pathway_constrained_binn,11,2,425,1,0.5017372369766235
pathway_constrained_binn,11,2,435,0,0.006422124337404966
pathway_constrained_binn,11,2,437,0,2.55671711784089e-05
pathway_constrained_binn,11,3,8,1,0.5199498534202576
pathway_constrained_binn,11,3,18,0,0.5055074691772461
pathway_constrained_binn,11,3,29,1,0.5226595401763916
pathway_constrained_binn,11,3,31,1,0.5035068988800049
pathway_constrained_binn,11,3,34,1,0.4754757285118103
pathway_constrained_binn,11,3,35,1,0.5072808861732483
pathway_constrained_binn,11,3,36,0,0.5150044560432434
pathway_constrained_binn,11,3,41,0,0.49678370356559753
pathway_constrained_binn,11,3,42,0,0.5166699886322021
pathway_constrained_binn,11,3,44,1,0.4969777762889862
pathway_constrained_binn,11,3,48,1,0.4845995306968689
pathway_constrained_binn,11,3,58,1,0.5015373229980469
pathway_constrained_binn,11,3,65,0,0.5052009224891663
pathway_constrained_binn,11,3,66,0,0.4685971736907959
pathway_constrained_binn,11,3,77,1,0.47759371995925903
pathway_constrained_binn,11,3,83,0,0.47774532437324524
pathway_constrained_binn,11,3,87,0,0.45447269082069397
pathway_constrained_binn,11,3,91,0,0.4537699520587921
pathway_constrained_binn,11,3,95,1,0.45395627617836
pathway_constrained_binn,11,3,97,1,0.4744068384170532
pathway_constrained_binn,11,3,104,1,0.4681396186351776
pathway_constrained_binn,11,3,105,0,0.465457946062088
pathway_constrained_binn,11,3,115,0,0.451256662607193
pathway_constrained_binn,11,3,134,1,0.4656231999397278
pathway_constrained_binn,11,3,135,0,0.43387019634246826
pathway_constrained_binn,11,3,146,1,0.47907307744026184
pathway_constrained_binn,11,3,157,1,0.4874896705150604
pathway_constrained_binn,11,3,158,1,0.47493499517440796
pathway_constrained_binn,11,3,165,1,0.4761238992214203
pathway_constrained_binn,11,3,174,0,0.4574228525161743
pathway_constrained_binn,11,3,179,0,0.46679428219795227
pathway_constrained_binn,11,3,191,1,0.44742023944854736
pathway_constrained_binn,11,3,196,1,0.4776488244533539
pathway_constrained_binn,11,3,202,0,0.47405093908309937
pathway_constrained_binn,11,3,207,1,0.4545118510723114
pathway_constrained_binn,11,3,215,0,0.44617900252342224
pathway_constrained_binn,11,3,226,0,0.4657122790813446
pathway_constrained_binn,11,3,228,0,0.48913371562957764
pathway_constrained_binn,11,3,229,0,0.4593774378299713
pathway_constrained_binn,11,3,242,0,0.4694562256336212
pathway_constrained_binn,11,3,247,0,0.49491819739341736
pathway_constrained_binn,11,3,254,0,0.46362385153770447
pathway_constrained_binn,11,3,263,0,0.45557039976119995
pathway_constrained_binn,11,3,264,0,0.4303748309612274
pathway_constrained_binn,11,3,267,0,0.4592007100582123
pathway_constrained_binn,11,3,271,1,0.44879627227783203
pathway_constrained_binn,11,3,274,1,0.4744626581668854
pathway_constrained_binn,11,3,278,0,0.4706263542175293
pathway_constrained_binn,11,3,280,1,0.4695613384246826
pathway_constrained_binn,11,3,288,0,0.454412043094635
pathway_constrained_binn,11,3,289,1,0.47279590368270874
pathway_constrained_binn,11,3,294,1,0.46007901430130005
pathway_constrained_binn,11,3,299,1,0.47094035148620605
pathway_constrained_binn,11,3,301,0,0.45729702711105347
pathway_constrained_binn,11,3,308,0,0.45980989933013916
pathway_constrained_binn,11,3,310,0,0.459961473941803
pathway_constrained_binn,11,3,311,0,0.48319336771965027
pathway_constrained_binn,11,3,313,0,0.446512371301651
pathway_constrained_binn,11,3,317,1,0.4581488370895386
pathway_constrained_binn,11,3,319,1,0.44988635182380676
pathway_constrained_binn,11,3,324,0,0.4765382707118988
pathway_constrained_binn,11,3,326,1,0.4618086516857147
pathway_constrained_binn,11,3,331,1,0.44495120644569397
pathway_constrained_binn,11,3,332,0,0.4855844974517822
pathway_constrained_binn,11,3,334,0,0.45824724435806274
pathway_constrained_binn,11,3,337,1,0.4632810652256012
pathway_constrained_binn,11,3,338,0,0.4711662828922272
pathway_constrained_binn,11,3,340,1,0.4982348084449768
pathway_constrained_binn,11,3,341,1,0.4473245143890381
pathway_constrained_binn,11,3,344,0,0.458720862865448
pathway_constrained_binn,11,3,357,1,0.4639435112476349
pathway_constrained_binn,11,3,358,1,0.4682309329509735
pathway_constrained_binn,11,3,365,0,0.41543811559677124
pathway_constrained_binn,11,3,369,0,0.5131726861000061
pathway_constrained_binn,11,3,371,1,0.5301111340522766
pathway_constrained_binn,11,3,373,0,0.46756312251091003
pathway_constrained_binn,11,3,375,0,0.44821977615356445
pathway_constrained_binn,11,3,379,0,0.4600224196910858
pathway_constrained_binn,11,3,389,1,0.4883447289466858
pathway_constrained_binn,11,3,394,1,0.4539259672164917
pathway_constrained_binn,11,3,395,1,0.46953022480010986
pathway_constrained_binn,11,3,406,1,0.4879875183105469
pathway_constrained_binn,11,3,410,0,0.4529913365840912
pathway_constrained_binn,11,3,419,0,0.4717376232147217
pathway_constrained_binn,11,3,420,0,0.4584708511829376
pathway_constrained_binn,11,3,424,1,0.46220940351486206
pathway_constrained_binn,11,3,432,0,0.45979687571525574
pathway_constrained_binn,11,3,434,0,0.46721625328063965
pathway_constrained_binn,11,4,1,1,0.9997301697731018
pathway_constrained_binn,11,4,3,0,0.9959393739700317
pathway_constrained_binn,11,4,14,1,0.947891891002655
pathway_constrained_binn,11,4,17,0,0.18750110268592834
pathway_constrained_binn,11,4,19,0,0.9410094618797302
pathway_constrained_binn,11,4,24,0,0.5920992493629456
pathway_constrained_binn,11,4,28,1,0.9997534155845642
pathway_constrained_binn,11,4,43,1,0.17491286993026733
pathway_constrained_binn,11,4,57,0,0.9998676776885986
pathway_constrained_binn,11,4,68,0,6.773900167900138e-06
pathway_constrained_binn,11,4,73,0,0.3157578408718109
pathway_constrained_binn,11,4,80,1,0.47405800223350525
pathway_constrained_binn,11,4,81,0,0.3016034662723541
pathway_constrained_binn,11,4,82,0,6.649594524787972e-06
pathway_constrained_binn,11,4,89,0,0.0019388628425076604
pathway_constrained_binn,11,4,90,0,9.529856470180675e-06
pathway_constrained_binn,11,4,98,1,0.9974768757820129
pathway_constrained_binn,11,4,100,1,0.002479549730196595
pathway_constrained_binn,11,4,102,0,7.232051757455338e-07
pathway_constrained_binn,11,4,106,1,0.9736366271972656
pathway_constrained_binn,11,4,110,1,8.274278116005007e-06
pathway_constrained_binn,11,4,113,0,0.0232870914041996
pathway_constrained_binn,11,4,124,1,0.000679227989166975
pathway_constrained_binn,11,4,128,0,0.32356810569763184
pathway_constrained_binn,11,4,139,1,0.9901490211486816
pathway_constrained_binn,11,4,141,1,0.9816970229148865
pathway_constrained_binn,11,4,144,1,0.9972723126411438
pathway_constrained_binn,11,4,149,1,0.7794508934020996
pathway_constrained_binn,11,4,154,1,0.9802548289299011
pathway_constrained_binn,11,4,156,1,0.39247751235961914
pathway_constrained_binn,11,4,161,0,0.5702728629112244
pathway_constrained_binn,11,4,163,1,1.081096979760332e-05
pathway_constrained_binn,11,4,169,1,0.030632078647613525
pathway_constrained_binn,11,4,171,1,0.8878366947174072
pathway_constrained_binn,11,4,176,1,0.9926940202713013
pathway_constrained_binn,11,4,178,1,0.9985378980636597
pathway_constrained_binn,11,4,194,1,0.808199942111969
pathway_constrained_binn,11,4,197,0,0.017603565007448196
pathway_constrained_binn,11,4,204,0,0.0002671843394637108
pathway_constrained_binn,11,4,205,1,0.012866673059761524
pathway_constrained_binn,11,4,206,0,0.9244830012321472
pathway_constrained_binn,11,4,208,0,0.00020428746938705444
pathway_constrained_binn,11,4,210,0,0.0014524782309308648
pathway_constrained_binn,11,4,213,0,0.6121834516525269
pathway_constrained_binn,11,4,216,1,0.9845970273017883
pathway_constrained_binn,11,4,221,1,0.0002876968355849385
pathway_constrained_binn,11,4,222,0,0.00010011706763179973
pathway_constrained_binn,11,4,223,0,0.8301935195922852
pathway_constrained_binn,11,4,227,0,0.009867697954177856
pathway_constrained_binn,11,4,238,1,0.08882081508636475
pathway_constrained_binn,11,4,256,0,0.03514862805604935
pathway_constrained_binn,11,4,259,0,0.06179027259349823
pathway_constrained_binn,11,4,260,1,0.9817741513252258
pathway_constrained_binn,11,4,261,0,0.0023747007362544537
pathway_constrained_binn,11,4,262,0,0.6420674920082092
pathway_constrained_binn,11,4,266,0,0.009380924515426159
pathway_constrained_binn,11,4,268,1,0.5175018906593323
pathway_constrained_binn,11,4,273,1,0.9159771203994751
pathway_constrained_binn,11,4,282,1,0.5660121440887451
pathway_constrained_binn,11,4,283,1,0.017377203330397606
pathway_constrained_binn,11,4,284,1,0.8146462440490723
pathway_constrained_binn,11,4,285,0,0.12800930440425873
pathway_constrained_binn,11,4,291,0,0.013145027682185173
pathway_constrained_binn,11,4,298,0,0.2360353320837021
pathway_constrained_binn,11,4,314,0,0.00013572900206781924
pathway_constrained_binn,11,4,318,1,0.999413251876831
pathway_constrained_binn,11,4,325,1,0.7788201570510864
pathway_constrained_binn,11,4,327,1,0.971843957901001
pathway_constrained_binn,11,4,328,1,0.6809775829315186
pathway_constrained_binn,11,4,330,0,0.9965621829032898
pathway_constrained_binn,11,4,339,1,0.08103243261575699
pathway_constrained_binn,11,4,342,0,0.9712290167808533
pathway_constrained_binn,11,4,343,0,0.017253980040550232
pathway_constrained_binn,11,4,345,0,0.7717788815498352
pathway_constrained_binn,11,4,346,0,0.058946773409843445
pathway_constrained_binn,11,4,349,0,0.9997727274894714
pathway_constrained_binn,11,4,350,0,0.998291552066803
pathway_constrained_binn,11,4,363,0,0.010441281832754612
pathway_constrained_binn,11,4,370,1,0.9993234872817993
pathway_constrained_binn,11,4,372,0,2.2338574126479216e-05
pathway_constrained_binn,11,4,376,0,0.9974182844161987
pathway_constrained_binn,11,4,381,0,0.00010899383050855249
pathway_constrained_binn,11,4,403,1,0.9984172582626343
pathway_constrained_binn,11,4,423,0,0.000802168040536344
pathway_constrained_binn,11,4,426,1,0.6633583903312683
pathway_constrained_binn,11,4,429,1,0.0733821839094162
pathway_constrained_binn,11,4,431,0,0.0018888687482103705
pathway_constrained_binn,11,5,0,0,0.948128879070282
pathway_constrained_binn,11,5,4,1,0.41031914949417114
pathway_constrained_binn,11,5,7,1,0.9858013987541199
pathway_constrained_binn,11,5,12,0,0.16740785539150238
pathway_constrained_binn,11,5,22,0,0.2730059027671814
pathway_constrained_binn,11,5,23,0,0.5375838279724121
pathway_constrained_binn,11,5,27,0,0.030069906264543533
pathway_constrained_binn,11,5,30,1,0.9994667172431946
pathway_constrained_binn,11,5,37,1,0.5365945100784302
pathway_constrained_binn,11,5,46,1,0.2719537913799286
pathway_constrained_binn,11,5,49,1,0.9538467526435852
pathway_constrained_binn,11,5,52,1,0.9382065534591675
pathway_constrained_binn,11,5,53,1,0.416793555021286
pathway_constrained_binn,11,5,59,1,0.9631977677345276
pathway_constrained_binn,11,5,60,1,0.7997928261756897
pathway_constrained_binn,11,5,64,1,0.05324573442339897
pathway_constrained_binn,11,5,75,0,0.00011675412679323927
pathway_constrained_binn,11,5,78,0,0.8975187540054321
pathway_constrained_binn,11,5,79,0,0.029150722548365593
pathway_constrained_binn,11,5,86,0,0.26657935976982117
pathway_constrained_binn,11,5,88,0,0.8676789402961731
pathway_constrained_binn,11,5,94,0,0.00668904185295105
pathway_constrained_binn,11,5,107,1,0.6831453442573547
pathway_constrained_binn,11,5,111,0,0.08207457512617111
pathway_constrained_binn,11,5,121,1,0.005078232381492853
pathway_constrained_binn,11,5,127,0,0.15891335904598236
pathway_constrained_binn,11,5,138,1,0.9926443099975586
pathway_constrained_binn,11,5,145,1,0.15279211103916168
pathway_constrained_binn,11,5,148,1,0.9993705153465271
pathway_constrained_binn,11,5,150,0,0.9750807285308838
pathway_constrained_binn,11,5,155,0,0.20893916487693787
pathway_constrained_binn,11,5,159,1,0.9994803071022034
pathway_constrained_binn,11,5,160,1,0.9963974356651306
pathway_constrained_binn,11,5,175,1,0.7930951118469238
pathway_constrained_binn,11,5,180,1,0.9676589369773865
pathway_constrained_binn,11,5,183,1,0.885571300983429
pathway_constrained_binn,11,5,186,1,0.7777541279792786
pathway_constrained_binn,11,5,187,0,0.023580601438879967
pathway_constrained_binn,11,5,190,1,0.6304193139076233
pathway_constrained_binn,11,5,212,0,0.059806760400533676
pathway_constrained_binn,11,5,220,1,0.1470007449388504
pathway_constrained_binn,11,5,233,1,0.23899516463279724
pathway_constrained_binn,11,5,234,0,0.00046543084317818284
pathway_constrained_binn,11,5,236,1,0.20777837932109833
pathway_constrained_binn,11,5,237,1,0.005341712851077318
pathway_constrained_binn,11,5,239,0,0.5602655410766602
pathway_constrained_binn,11,5,240,0,0.08764473348855972
pathway_constrained_binn,11,5,241,0,0.004356826655566692
pathway_constrained_binn,11,5,243,0,0.1903233379125595
pathway_constrained_binn,11,5,248,0,0.00045185364433564246
pathway_constrained_binn,11,5,249,1,0.5467031002044678
pathway_constrained_binn,11,5,255,0,0.22395917773246765
pathway_constrained_binn,11,5,269,1,0.5840907692909241
pathway_constrained_binn,11,5,272,1,0.028615109622478485
pathway_constrained_binn,11,5,277,0,0.026264945045113564
pathway_constrained_binn,11,5,281,0,0.0010933064622804523
pathway_constrained_binn,11,5,296,0,0.12413162738084793
pathway_constrained_binn,11,5,302,1,0.6499915719032288
pathway_constrained_binn,11,5,303,1,0.9716216325759888
pathway_constrained_binn,11,5,306,0,5.954658627160825e-05
pathway_constrained_binn,11,5,307,0,0.00338729377835989
pathway_constrained_binn,11,5,320,0,0.994084894657135
pathway_constrained_binn,11,5,323,0,0.36809536814689636
pathway_constrained_binn,11,5,354,0,0.6982091069221497
pathway_constrained_binn,11,5,361,1,0.5098636150360107
pathway_constrained_binn,11,5,362,0,0.9101532697677612
pathway_constrained_binn,11,5,364,0,0.19151374697685242
pathway_constrained_binn,11,5,366,0,7.022653880994767e-05
pathway_constrained_binn,11,5,380,0,0.011918009258806705
pathway_constrained_binn,11,5,382,0,0.1659211367368698
pathway_constrained_binn,11,5,383,0,0.003855326911434531
pathway_constrained_binn,11,5,385,0,0.0007033192669041455
pathway_constrained_binn,11,5,388,1,0.6712077856063843
pathway_constrained_binn,11,5,392,0,0.004136913921684027
pathway_constrained_binn,11,5,396,1,0.7241089344024658
pathway_constrained_binn,11,5,397,1,0.9255740642547607
pathway_constrained_binn,11,5,398,1,0.4264477789402008
pathway_constrained_binn,11,5,399,1,0.7788175940513611
pathway_constrained_binn,11,5,404,1,0.982245922088623
pathway_constrained_binn,11,5,408,1,0.9823665618896484
pathway_constrained_binn,11,5,412,0,0.13000120222568512
pathway_constrained_binn,11,5,417,0,0.020196769386529922
pathway_constrained_binn,11,5,422,0,0.004912048578262329
pathway_constrained_binn,11,5,427,0,0.00012118706217734143
pathway_constrained_binn,11,5,428,1,0.3186449706554413
pathway_constrained_binn,11,5,430,0,0.9525766372680664
pathway_constrained_binn,11,5,436,0,5.697237384083564e-07
pathway_constrained_binn,23,1,10,0,0.07588435709476471
pathway_constrained_binn,23,1,13,0,0.1348469853401184
pathway_constrained_binn,23,1,15,0,0.6741364002227783
pathway_constrained_binn,23,1,16,0,0.007209211587905884
pathway_constrained_binn,23,1,20,1,0.8861245512962341
pathway_constrained_binn,23,1,21,0,0.7024773359298706
pathway_constrained_binn,23,1,33,0,0.9486220479011536
pathway_constrained_binn,23,1,39,1,0.7273786067962646
pathway_constrained_binn,23,1,40,1,0.39555230736732483
pathway_constrained_binn,23,1,45,0,0.9713257551193237
pathway_constrained_binn,23,1,47,0,0.9973036050796509
pathway_constrained_binn,23,1,50,1,0.764308750629425
pathway_constrained_binn,23,1,51,1,0.9971112012863159
pathway_constrained_binn,23,1,54,1,0.9678550958633423
pathway_constrained_binn,23,1,55,1,0.9962596893310547
pathway_constrained_binn,23,1,56,1,0.999330997467041
pathway_constrained_binn,23,1,67,1,0.0030084506142884493
pathway_constrained_binn,23,1,69,1,0.07539277523756027
pathway_constrained_binn,23,1,70,0,0.019649822264909744
pathway_constrained_binn,23,1,71,0,0.03297075629234314
pathway_constrained_binn,23,1,74,0,0.00033565430203452706
pathway_constrained_binn,23,1,84,0,1.2683050954365171e-05
pathway_constrained_binn,23,1,92,0,0.04808910936117172
pathway_constrained_binn,23,1,93,0,0.0009141232003457844
pathway_constrained_binn,23,1,103,0,0.008063547313213348
pathway_constrained_binn,23,1,116,0,0.08130520582199097
pathway_constrained_binn,23,1,117,1,0.0003041060990653932
pathway_constrained_binn,23,1,120,1,0.0005759501364082098
pathway_constrained_binn,23,1,122,0,0.19310596585273743
pathway_constrained_binn,23,1,125,1,0.09576718509197235
pathway_constrained_binn,23,1,126,0,0.983081042766571
pathway_constrained_binn,23,1,131,0,0.9851638078689575
pathway_constrained_binn,23,1,132,0,0.07886794954538345
pathway_constrained_binn,23,1,136,1,0.9993745684623718
pathway_constrained_binn,23,1,137,1,0.9955904483795166
pathway_constrained_binn,23,1,164,0,0.8726598620414734
pathway_constrained_binn,23,1,166,1,0.7301588654518127
pathway_constrained_binn,23,1,167,1,0.03399765491485596
pathway_constrained_binn,23,1,168,1,0.9606457948684692
pathway_constrained_binn,23,1,170,0,0.06504244357347488
pathway_constrained_binn,23,1,172,1,0.9658606648445129
pathway_constrained_binn,23,1,173,1,0.11331914365291595
pathway_constrained_binn,23,1,184,1,0.6788108944892883
pathway_constrained_binn,23,1,192,0,0.5317766666412354
pathway_constrained_binn,23,1,193,1,0.9992128610610962
pathway_constrained_binn,23,1,198,0,0.9413383603096008
pathway_constrained_binn,23,1,199,0,0.5700434446334839
pathway_constrained_binn,23,1,209,0,0.0014970923075452447
pathway_constrained_binn,23,1,211,0,0.018212124705314636
pathway_constrained_binn,23,1,219,0,0.2543718218803406
pathway_constrained_binn,23,1,225,0,0.057368163019418716
pathway_constrained_binn,23,1,235,1,0.04419414699077606
pathway_constrained_binn,23,1,245,1,0.6192894577980042
pathway_constrained_binn,23,1,246,0,0.11584890633821487
pathway_constrained_binn,23,1,253,1,0.9844080805778503
pathway_constrained_binn,23,1,257,0,0.005534464027732611
pathway_constrained_binn,23,1,258,0,0.002491747261956334
pathway_constrained_binn,23,1,276,0,0.014813669957220554
pathway_constrained_binn,23,1,279,0,0.9946186542510986
pathway_constrained_binn,23,1,287,0,0.3122982978820801
pathway_constrained_binn,23,1,292,1,0.746463418006897
pathway_constrained_binn,23,1,293,0,0.011893455870449543
pathway_constrained_binn,23,1,315,0,0.9840234518051147
pathway_constrained_binn,23,1,316,0,0.001352275488898158
pathway_constrained_binn,23,1,321,1,0.25396353006362915
pathway_constrained_binn,23,1,322,1,0.328074187040329
pathway_constrained_binn,23,1,329,0,0.2111128568649292
pathway_constrained_binn,23,1,336,0,0.06662894785404205
pathway_constrained_binn,23,1,352,1,0.1198829934000969
pathway_constrained_binn,23,1,353,1,0.9998519420623779
pathway_constrained_binn,23,1,355,1,0.018187832087278366
pathway_constrained_binn,23,1,356,1,0.0820799469947815
pathway_constrained_binn,23,1,359,1,0.0036659252364188433
pathway_constrained_binn,23,1,360,0,0.057973891496658325
pathway_constrained_binn,23,1,377,0,0.013718589209020138
pathway_constrained_binn,23,1,378,0,0.00015169157995842397
pathway_constrained_binn,23,1,386,1,0.9973857998847961
pathway_constrained_binn,23,1,387,1,0.9219769239425659
pathway_constrained_binn,23,1,390,0,0.9209128618240356
pathway_constrained_binn,23,1,391,1,0.001116589060984552
pathway_constrained_binn,23,1,393,1,0.6533318758010864
pathway_constrained_binn,23,1,401,1,0.9982020854949951
pathway_constrained_binn,23,1,402,1,0.0796373188495636
pathway_constrained_binn,23,1,405,1,0.9997594952583313
pathway_constrained_binn,23,1,409,1,0.18476374447345734
pathway_constrained_binn,23,1,413,0,0.9471843838691711
pathway_constrained_binn,23,1,416,0,0.6121468544006348
pathway_constrained_binn,23,1,433,0,0.0023079717066138983
pathway_constrained_binn,23,2,2,1,0.5036525130271912
pathway_constrained_binn,23,2,5,1,0.5372105240821838
pathway_constrained_binn,23,2,6,1,0.46216723322868347
pathway_constrained_binn,23,2,9,1,0.16987396776676178
pathway_constrained_binn,23,2,11,1,0.513002336025238
pathway_constrained_binn,23,2,25,0,0.21051453053951263
pathway_constrained_binn,23,2,26,0,0.48475348949432373
pathway_constrained_binn,23,2,32,0,0.6869538426399231
pathway_constrained_binn,23,2,38,1,0.4739522635936737
pathway_constrained_binn,23,2,61,1,0.9647074937820435
pathway_constrained_binn,23,2,62,0,0.9539074897766113
pathway_constrained_binn,23,2,63,1,0.9528552293777466
pathway_constrained_binn,23,2,72,1,0.8711835145950317
pathway_constrained_binn,23,2,76,0,0.18904772400856018
pathway_constrained_binn,23,2,85,0,0.04130587726831436
pathway_constrained_binn,23,2,96,0,0.4647320508956909
pathway_constrained_binn,23,2,99,1,0.6856983304023743
pathway_constrained_binn,23,2,101,1,0.24736511707305908
pathway_constrained_binn,23,2,108,1,0.927688479423523
pathway_constrained_binn,23,2,109,1,0.971796989440918
pathway_constrained_binn,23,2,112,0,0.507454514503479
pathway_constrained_binn,23,2,114,0,0.14737799763679504
pathway_constrained_binn,23,2,118,0,0.8542876243591309
pathway_constrained_binn,23,2,119,0,0.9037889838218689
pathway_constrained_binn,23,2,123,0,0.342352032661438
pathway_constrained_binn,23,2,129,0,0.16578121483325958
pathway_constrained_binn,23,2,130,0,0.1201132982969284
pathway_constrained_binn,23,2,133,0,0.20698733627796173
pathway_constrained_binn,23,2,140,1,0.5415721535682678
pathway_constrained_binn,23,2,142,1,0.6361128091812134
pathway_constrained_binn,23,2,143,1,0.8756082653999329
pathway_constrained_binn,23,2,147,1,0.9216625094413757
pathway_constrained_binn,23,2,151,1,0.9662002921104431
pathway_constrained_binn,23,2,152,1,0.8588453531265259
pathway_constrained_binn,23,2,153,0,0.6403071284294128
pathway_constrained_binn,23,2,162,1,0.6645263433456421
pathway_constrained_binn,23,2,177,1,0.8206712603569031
pathway_constrained_binn,23,2,181,1,0.5277312994003296
pathway_constrained_binn,23,2,182,0,0.3126503527164459
pathway_constrained_binn,23,2,185,1,0.3436830937862396
pathway_constrained_binn,23,2,188,0,0.2421620637178421
pathway_constrained_binn,23,2,189,1,0.9592577219009399
pathway_constrained_binn,23,2,195,1,0.4273933470249176
pathway_constrained_binn,23,2,200,1,0.7378299236297607
pathway_constrained_binn,23,2,201,1,0.4273122549057007
pathway_constrained_binn,23,2,203,0,0.2496843785047531
pathway_constrained_binn,23,2,214,0,0.40008044242858887
pathway_constrained_binn,23,2,217,0,0.3002014756202698
pathway_constrained_binn,23,2,218,0,0.1854536533355713
pathway_constrained_binn,23,2,224,0,0.11094654351472855
pathway_constrained_binn,23,2,230,0,0.1658909022808075
pathway_constrained_binn,23,2,231,0,0.09773606061935425
pathway_constrained_binn,23,2,232,0,0.5181664228439331
pathway_constrained_binn,23,2,244,0,0.24406687915325165
pathway_constrained_binn,23,2,250,1,0.3159286379814148
pathway_constrained_binn,23,2,251,0,0.4881541132926941
pathway_constrained_binn,23,2,252,0,0.3258812129497528
pathway_constrained_binn,23,2,265,0,0.0048423572443425655
pathway_constrained_binn,23,2,270,0,0.005099276080727577
pathway_constrained_binn,23,2,275,1,0.5922333598136902
pathway_constrained_binn,23,2,286,0,0.9055818319320679
pathway_constrained_binn,23,2,290,1,0.7324758768081665
pathway_constrained_binn,23,2,295,1,0.8884751200675964
pathway_constrained_binn,23,2,297,0,0.6941044926643372
pathway_constrained_binn,23,2,300,0,0.6468452215194702
pathway_constrained_binn,23,2,304,1,0.7375084757804871
pathway_constrained_binn,23,2,305,0,0.16066426038742065
pathway_constrained_binn,23,2,309,1,0.07932355254888535
pathway_constrained_binn,23,2,312,0,0.014627404510974884
pathway_constrained_binn,23,2,333,0,0.4238148033618927
pathway_constrained_binn,23,2,335,1,0.40451890230178833
pathway_constrained_binn,23,2,347,1,0.31802210211753845
pathway_constrained_binn,23,2,348,0,0.30701297521591187
pathway_constrained_binn,23,2,351,1,0.9593923091888428
pathway_constrained_binn,23,2,367,1,0.212118461728096
pathway_constrained_binn,23,2,368,1,0.9183525443077087
pathway_constrained_binn,23,2,374,0,0.032285477966070175
pathway_constrained_binn,23,2,384,0,0.2641884386539459
pathway_constrained_binn,23,2,400,1,0.9637072682380676
pathway_constrained_binn,23,2,407,1,0.977016270160675
pathway_constrained_binn,23,2,411,0,0.1715756505727768
pathway_constrained_binn,23,2,414,0,0.5914502143859863
pathway_constrained_binn,23,2,415,0,0.8513662815093994
pathway_constrained_binn,23,2,418,0,0.6176688075065613
pathway_constrained_binn,23,2,421,0,0.006528475321829319
pathway_constrained_binn,23,2,425,1,0.4998144507408142
pathway_constrained_binn,23,2,435,0,0.07110124826431274
pathway_constrained_binn,23,2,437,0,0.009141997434198856
pathway_constrained_binn,23,3,8,1,0.6232559084892273
pathway_constrained_binn,23,3,18,0,0.5820192694664001
pathway_constrained_binn,23,3,29,1,0.7054066061973572
pathway_constrained_binn,23,3,31,1,0.6083769202232361
pathway_constrained_binn,23,3,34,1,0.3950900137424469
pathway_constrained_binn,23,3,35,1,0.6134588718414307
pathway_constrained_binn,23,3,36,0,0.5887113809585571
pathway_constrained_binn,23,3,41,0,0.5353268980979919
pathway_constrained_binn,23,3,42,0,0.6449846029281616
pathway_constrained_binn,23,3,44,1,0.5237962007522583
pathway_constrained_binn,23,3,48,1,0.43881991505622864
pathway_constrained_binn,23,3,58,1,0.6117689609527588
pathway_constrained_binn,23,3,65,0,0.635327160358429
pathway_constrained_binn,23,3,66,0,0.4472370445728302
pathway_constrained_binn,23,3,77,1,0.5098936557769775
pathway_constrained_binn,23,3,83,0,0.4589000344276428
pathway_constrained_binn,23,3,87,0,0.25966084003448486
pathway_constrained_binn,23,3,91,0,0.32962074875831604
pathway_constrained_binn,23,3,95,1,0.25283998250961304
pathway_constrained_binn,23,3,97,1,0.4686640202999115
pathway_constrained_binn,23,3,104,1,0.42646512389183044
pathway_constrained_binn,23,3,105,0,0.39506208896636963
pathway_constrained_binn,23,3,115,0,0.2487890124320984
pathway_constrained_binn,23,3,134,1,0.35455748438835144
pathway_constrained_binn,23,3,135,0,0.14931972324848175
pathway_constrained_binn,23,3,146,1,0.5635815858840942
pathway_constrained_binn,23,3,157,1,0.550388514995575
pathway_constrained_binn,23,3,158,1,0.3992023468017578
pathway_constrained_binn,23,3,165,1,0.5143823027610779
pathway_constrained_binn,23,3,174,0,0.3086529076099396
pathway_constrained_binn,23,3,179,0,0.42848098278045654
pathway_constrained_binn,23,3,191,1,0.28157931566238403
pathway_constrained_binn,23,3,196,1,0.459091454744339
pathway_constrained_binn,23,3,202,0,0.43670299649238586
pathway_constrained_binn,23,3,207,1,0.3077760934829712
pathway_constrained_binn,23,3,215,0,0.21825577318668365
pathway_constrained_binn,23,3,226,0,0.4309360086917877
pathway_constrained_binn,23,3,228,0,0.5878860354423523
pathway_constrained_binn,23,3,229,0,0.3659665584564209
pathway_constrained_binn,23,3,242,0,0.46463853120803833
pathway_constrained_binn,23,3,247,0,0.5956261157989502
pathway_constrained_binn,23,3,254,0,0.39740079641342163
pathway_constrained_binn,23,3,263,0,0.32544806599617004
pathway_constrained_binn,23,3,264,0,0.1906151920557022
pathway_constrained_binn,23,3,267,0,0.37552639842033386
pathway_constrained_binn,23,3,271,1,0.2846583425998688
pathway_constrained_binn,23,3,274,1,0.44735896587371826
pathway_constrained_binn,23,3,278,0,0.4202338457107544
pathway_constrained_binn,23,3,280,1,0.4203369915485382
pathway_constrained_binn,23,3,288,0,0.3439883887767792
pathway_constrained_binn,23,3,289,1,0.44310516119003296
pathway_constrained_binn,23,3,294,1,0.37953492999076843
pathway_constrained_binn,23,3,299,1,0.4207058250904083
pathway_constrained_binn,23,3,301,0,0.3281747102737427
pathway_constrained_binn,23,3,308,0,0.35353079438209534
pathway_constrained_binn,23,3,310,0,0.35018637776374817
pathway_constrained_binn,23,3,311,0,0.4756676256656647
pathway_constrained_binn,23,3,313,0,0.25569939613342285
pathway_constrained_binn,23,3,317,1,0.3399598300457001
pathway_constrained_binn,23,3,319,1,0.22637054324150085
pathway_constrained_binn,23,3,324,0,0.4091932773590088
pathway_constrained_binn,23,3,326,1,0.3464351296424866
pathway_constrained_binn,23,3,331,1,0.2339128851890564
pathway_constrained_binn,23,3,332,0,0.5295780301094055
pathway_constrained_binn,23,3,334,0,0.3113178014755249
pathway_constrained_binn,23,3,337,1,0.36542996764183044
pathway_constrained_binn,23,3,338,0,0.37207943201065063
pathway_constrained_binn,23,3,340,1,0.5589695572853088
pathway_constrained_binn,23,3,341,1,0.2660656273365021
pathway_constrained_binn,23,3,344,0,0.3476395606994629
pathway_constrained_binn,23,3,357,1,0.3537901043891907
pathway_constrained_binn,23,3,358,1,0.41441014409065247
pathway_constrained_binn,23,3,365,0,0.13458530604839325
pathway_constrained_binn,23,3,369,0,0.6455687284469604
pathway_constrained_binn,23,3,371,1,0.7083661556243896
pathway_constrained_binn,23,3,373,0,0.40203964710235596
pathway_constrained_binn,23,3,375,0,0.26952144503593445
pathway_constrained_binn,23,3,379,0,0.35729891061782837
pathway_constrained_binn,23,3,389,1,0.5083000063896179
pathway_constrained_binn,23,3,394,1,0.30626341700553894
pathway_constrained_binn,23,3,395,1,0.4526950716972351
pathway_constrained_binn,23,3,406,1,0.5740054845809937
pathway_constrained_binn,23,3,410,0,0.34048962593078613
pathway_constrained_binn,23,3,419,0,0.4412861466407776
pathway_constrained_binn,23,3,420,0,0.3762279748916626
pathway_constrained_binn,23,3,424,1,0.37790191173553467
pathway_constrained_binn,23,3,432,0,0.3314606547355652
pathway_constrained_binn,23,3,434,0,0.37584662437438965
pathway_constrained_binn,23,4,1,1,0.82374507188797
pathway_constrained_binn,23,4,3,0,0.9884345531463623
pathway_constrained_binn,23,4,14,1,0.8783420324325562
pathway_constrained_binn,23,4,17,0,0.12135394662618637
pathway_constrained_binn,23,4,19,0,0.9094422459602356
pathway_constrained_binn,23,4,24,0,0.5055546760559082
pathway_constrained_binn,23,4,28,1,0.9706310629844666
pathway_constrained_binn,23,4,43,1,0.6405196785926819
pathway_constrained_binn,23,4,57,0,0.9797835350036621
pathway_constrained_binn,23,4,68,0,0.00017426743579562753
pathway_constrained_binn,23,4,73,0,0.299199640750885
pathway_constrained_binn,23,4,80,1,0.312577486038208
pathway_constrained_binn,23,4,81,0,0.3313208520412445
pathway_constrained_binn,23,4,82,0,0.00012378217070363462
pathway_constrained_binn,23,4,89,0,0.010524645447731018
pathway_constrained_binn,23,4,90,0,0.00018987322982866317
pathway_constrained_binn,23,4,98,1,0.9842270016670227
pathway_constrained_binn,23,4,100,1,0.010402997024357319
pathway_constrained_binn,23,4,102,0,5.234323543845676e-05
pathway_constrained_binn,23,4,106,1,0.9619960188865662
pathway_constrained_binn,23,4,110,1,0.00042692924034781754
pathway_constrained_binn,23,4,113,0,0.02181183360517025
pathway_constrained_binn,23,4,124,1,0.023074345663189888
pathway_constrained_binn,23,4,128,0,0.5189151167869568
pathway_constrained_binn,23,4,139,1,0.9124695062637329
pathway_constrained_binn,23,4,141,1,0.919937252998352
pathway_constrained_binn,23,4,144,1,0.9638267159461975
pathway_constrained_binn,23,4,149,1,0.7040926814079285
pathway_constrained_binn,23,4,154,1,0.7896205186843872
pathway_constrained_binn,23,4,156,1,0.5649849772453308
pathway_constrained_binn,23,4,161,0,0.16098177433013916
pathway_constrained_binn,23,4,163,1,0.00021287963318172842
pathway_constrained_binn,23,4,169,1,0.07170850783586502
pathway_constrained_binn,23,4,171,1,0.7979016900062561
pathway_constrained_binn,23,4,176,1,0.965552568435669
pathway_constrained_binn,23,4,178,1,0.989676296710968
pathway_constrained_binn,23,4,194,1,0.5346350073814392
pathway_constrained_binn,23,4,197,0,0.05385966971516609
pathway_constrained_binn,23,4,204,0,0.0019690513145178556
pathway_constrained_binn,23,4,205,1,0.06014055013656616
pathway_constrained_binn,23,4,206,0,0.9572306871414185
pathway_constrained_binn,23,4,208,0,0.0032573675271123648
pathway_constrained_binn,23,4,210,0,0.01690131239593029
pathway_constrained_binn,23,4,213,0,0.4692719578742981
pathway_constrained_binn,23,4,216,1,0.612991988658905
pathway_constrained_binn,23,4,221,1,0.00497957319021225
pathway_constrained_binn,23,4,222,0,0.0009212461882270873
pathway_constrained_binn,23,4,223,0,0.7554267048835754
pathway_constrained_binn,23,4,227,0,0.018661295995116234
pathway_constrained_binn,23,4,238,1,0.20558495819568634
pathway_constrained_binn,23,4,256,0,0.05060679465532303
pathway_constrained_binn,23,4,259,0,0.23400357365608215
pathway_constrained_binn,23,4,260,1,0.8847319483757019
pathway_constrained_binn,23,4,261,0,0.0504719577729702
pathway_constrained_binn,23,4,262,0,0.3909691870212555
pathway_constrained_binn,23,4,266,0,0.02072872593998909
pathway_constrained_binn,23,4,268,1,0.6265307068824768
pathway_constrained_binn,23,4,273,1,0.7379898428916931
pathway_constrained_binn,23,4,282,1,0.40979620814323425
pathway_constrained_binn,23,4,283,1,0.08255020529031754
pathway_constrained_binn,23,4,284,1,0.6472029089927673
pathway_constrained_binn,23,4,285,0,0.32854071259498596
pathway_constrained_binn,23,4,291,0,0.046554047614336014
pathway_constrained_binn,23,4,298,0,0.19599470496177673
pathway_constrained_binn,23,4,314,0,0.00298205460421741
pathway_constrained_binn,23,4,318,1,0.9763339757919312
pathway_constrained_binn,23,4,325,1,0.8233368396759033
pathway_constrained_binn,23,4,327,1,0.52500319480896
pathway_constrained_binn,23,4,328,1,0.3983403742313385
pathway_constrained_binn,23,4,330,0,0.9706935882568359
pathway_constrained_binn,23,4,339,1,0.18992924690246582
pathway_constrained_binn,23,4,342,0,0.901233434677124
pathway_constrained_binn,23,4,343,0,0.04773733764886856
pathway_constrained_binn,23,4,345,0,0.6038984060287476
pathway_constrained_binn,23,4,346,0,0.16963797807693481
pathway_constrained_binn,23,4,349,0,0.9976258873939514
pathway_constrained_binn,23,4,350,0,0.9851476550102234
pathway_constrained_binn,23,4,363,0,0.043480705469846725
pathway_constrained_binn,23,4,370,1,0.9803948402404785
pathway_constrained_binn,23,4,372,0,6.920196756254882e-05
pathway_constrained_binn,23,4,376,0,0.9681540727615356
pathway_constrained_binn,23,4,381,0,0.0018087252974510193
pathway_constrained_binn,23,4,403,1,0.9772127270698547
pathway_constrained_binn,23,4,423,0,0.050213202834129333
pathway_constrained_binn,23,4,426,1,0.4887705147266388
pathway_constrained_binn,23,4,429,1,0.3579661548137665
pathway_constrained_binn,23,4,431,0,0.0107216602191329
pathway_constrained_binn,23,5,0,0,0.9327035546302795
pathway_constrained_binn,23,5,4,1,0.6100775599479675
pathway_constrained_binn,23,5,7,1,0.9666655659675598
pathway_constrained_binn,23,5,12,0,0.4021984040737152
pathway_constrained_binn,23,5,22,0,0.3495144248008728
pathway_constrained_binn,23,5,23,0,0.6740666627883911
pathway_constrained_binn,23,5,27,0,0.0966840535402298
pathway_constrained_binn,23,5,30,1,0.8827930092811584
pathway_constrained_binn,23,5,37,1,0.49422672390937805
pathway_constrained_binn,23,5,46,1,0.3364045023918152
pathway_constrained_binn,23,5,49,1,0.7672175168991089
pathway_constrained_binn,23,5,52,1,0.6438139081001282
pathway_constrained_binn,23,5,53,1,0.4533679783344269
pathway_constrained_binn,23,5,59,1,0.6137657165527344
pathway_constrained_binn,23,5,60,1,0.6597929000854492
pathway_constrained_binn,23,5,64,1,0.2673030495643616
pathway_constrained_binn,23,5,75,0,0.0017073658527806401
pathway_constrained_binn,23,5,78,0,0.37486523389816284
pathway_constrained_binn,23,5,79,0,0.06154995411634445
pathway_constrained_binn,23,5,86,0,0.16933530569076538
pathway_constrained_binn,23,5,88,0,0.5607420802116394
pathway_constrained_binn,23,5,94,0,0.051169343292713165
pathway_constrained_binn,23,5,107,1,0.6601698398590088
pathway_constrained_binn,23,5,111,0,0.41154131293296814
pathway_constrained_binn,23,5,121,1,0.042623862624168396
pathway_constrained_binn,23,5,127,0,0.20511795580387115
pathway_constrained_binn,23,5,138,1,0.8381121754646301
pathway_constrained_binn,23,5,145,1,0.29636630415916443
pathway_constrained_binn,23,5,148,1,0.9709354043006897
pathway_constrained_binn,23,5,150,0,0.7971044778823853
pathway_constrained_binn,23,5,155,0,0.29126396775245667
pathway_constrained_binn,23,5,159,1,0.9758394956588745
pathway_constrained_binn,23,5,160,1,0.9193385243415833
pathway_constrained_binn,23,5,175,1,0.4257371425628662
pathway_constrained_binn,23,5,180,1,0.6807625889778137
pathway_constrained_binn,23,5,183,1,0.45427992939949036
pathway_constrained_binn,23,5,186,1,0.8602722883224487
pathway_constrained_binn,23,5,187,0,0.09654171764850616
pathway_constrained_binn,23,5,190,1,0.5172695517539978
pathway_constrained_binn,23,5,212,0,0.09020833671092987
pathway_constrained_binn,23,5,220,1,0.39601850509643555
pathway_constrained_binn,23,5,233,1,0.1484091430902481
pathway_constrained_binn,23,5,234,0,0.015128916129469872
pathway_constrained_binn,23,5,236,1,0.30629172921180725
pathway_constrained_binn,23,5,237,1,0.06552539020776749
pathway_constrained_binn,23,5,239,0,0.566336989402771
pathway_constrained_binn,23,5,240,0,0.22485603392124176
pathway_constrained_binn,23,5,241,0,0.029454590752720833
pathway_constrained_binn,23,5,243,0,0.17700006067752838
pathway_constrained_binn,23,5,248,0,0.01961900107562542
pathway_constrained_binn,23,5,249,1,0.5121458768844604
pathway_constrained_binn,23,5,255,0,0.30252858996391296
pathway_constrained_binn,23,5,269,1,0.5300928354263306
pathway_constrained_binn,23,5,272,1,0.1365474909543991
pathway_constrained_binn,23,5,277,0,0.16156622767448425
pathway_constrained_binn,23,5,281,0,0.04358123242855072
pathway_constrained_binn,23,5,296,0,0.3802759051322937
pathway_constrained_binn,23,5,302,1,0.6485893130302429
pathway_constrained_binn,23,5,303,1,0.9324105978012085
pathway_constrained_binn,23,5,306,0,0.008480755612254143
pathway_constrained_binn,23,5,307,0,0.040807150304317474
pathway_constrained_binn,23,5,320,0,0.8891208171844482
pathway_constrained_binn,23,5,323,0,0.5168237686157227
pathway_constrained_binn,23,5,354,0,0.27364951372146606
pathway_constrained_binn,23,5,361,1,0.7509108781814575
pathway_constrained_binn,23,5,362,0,0.8160902261734009
pathway_constrained_binn,23,5,364,0,0.37648022174835205
pathway_constrained_binn,23,5,366,0,0.012964650057256222
pathway_constrained_binn,23,5,380,0,0.071776382625103
pathway_constrained_binn,23,5,382,0,0.19077911972999573
pathway_constrained_binn,23,5,383,0,0.1034257560968399
pathway_constrained_binn,23,5,385,0,0.016724178567528725
pathway_constrained_binn,23,5,388,1,0.7576735019683838
pathway_constrained_binn,23,5,392,0,0.047282587736845016
pathway_constrained_binn,23,5,396,1,0.7321329712867737
pathway_constrained_binn,23,5,397,1,0.691365659236908
pathway_constrained_binn,23,5,398,1,0.3750477731227875
pathway_constrained_binn,23,5,399,1,0.48290908336639404
pathway_constrained_binn,23,5,404,1,0.910251259803772
pathway_constrained_binn,23,5,408,1,0.8029122352600098
pathway_constrained_binn,23,5,412,0,0.22371993958950043
pathway_constrained_binn,23,5,417,0,0.06423936039209366
pathway_constrained_binn,23,5,422,0,0.07196264714002609
pathway_constrained_binn,23,5,427,0,0.006579460110515356
pathway_constrained_binn,23,5,428,1,0.6229397058486938
pathway_constrained_binn,23,5,430,0,0.5920200347900391
pathway_constrained_binn,23,5,436,0,0.0003292148176115006
pathway_constrained_binn,37,1,10,0,0.3820260167121887
pathway_constrained_binn,37,1,13,0,0.23595568537712097
pathway_constrained_binn,37,1,15,0,0.4534929692745209
pathway_constrained_binn,37,1,16,0,0.05572367459535599
pathway_constrained_binn,37,1,20,1,0.6942773461341858
pathway_constrained_binn,37,1,21,0,0.7033881545066833
pathway_constrained_binn,37,1,33,0,0.7890179753303528
pathway_constrained_binn,37,1,39,1,0.7133366465568542
pathway_constrained_binn,37,1,40,1,0.6035649180412292
pathway_constrained_binn,37,1,45,0,0.9522086977958679
pathway_constrained_binn,37,1,47,0,0.9243239760398865
pathway_constrained_binn,37,1,50,1,0.5862439274787903
pathway_constrained_binn,37,1,51,1,0.9257383942604065
pathway_constrained_binn,37,1,54,1,0.9031684994697571
pathway_constrained_binn,37,1,55,1,0.9720252156257629
pathway_constrained_binn,37,1,56,1,0.9903537034988403
pathway_constrained_binn,37,1,67,1,0.03660900890827179
pathway_constrained_binn,37,1,69,1,0.07891157269477844
pathway_constrained_binn,37,1,70,0,0.0441659651696682
pathway_constrained_binn,37,1,71,0,0.07781589031219482
pathway_constrained_binn,37,1,74,0,0.0037268197629600763
pathway_constrained_binn,37,1,84,0,0.0018073862884193659
pathway_constrained_binn,37,1,92,0,0.0912664383649826
pathway_constrained_binn,37,1,93,0,0.005721744149923325
pathway_constrained_binn,37,1,103,0,0.032945044338703156
pathway_constrained_binn,37,1,116,0,0.17601504921913147
pathway_constrained_binn,37,1,117,1,0.0033761262893676758
pathway_constrained_binn,37,1,120,1,0.006327212788164616
pathway_constrained_binn,37,1,122,0,0.16374967992305756
pathway_constrained_binn,37,1,125,1,0.24001652002334595
pathway_constrained_binn,37,1,126,0,0.8635663986206055
pathway_constrained_binn,37,1,131,0,0.8257862329483032
pathway_constrained_binn,37,1,132,0,0.1629156917333603
pathway_constrained_binn,37,1,136,1,0.9941101670265198
pathway_constrained_binn,37,1,137,1,0.9680303335189819
pathway_constrained_binn,37,1,164,0,0.7926182746887207
pathway_constrained_binn,37,1,166,1,0.810226559638977
pathway_constrained_binn,37,1,167,1,0.06270693242549896
pathway_constrained_binn,37,1,168,1,0.9608876705169678
pathway_constrained_binn,37,1,170,0,0.14119675755500793
pathway_constrained_binn,37,1,172,1,0.8839401602745056
pathway_constrained_binn,37,1,173,1,0.20862478017807007
pathway_constrained_binn,37,1,184,1,0.41799992322921753
pathway_constrained_binn,37,1,192,0,0.7473721504211426
pathway_constrained_binn,37,1,193,1,0.9900623559951782
pathway_constrained_binn,37,1,198,0,0.8028143644332886
pathway_constrained_binn,37,1,199,0,0.2650083005428314
pathway_constrained_binn,37,1,209,0,0.022970257326960564
pathway_constrained_binn,37,1,211,0,0.07658203691244125
pathway_constrained_binn,37,1,219,0,0.5362077355384827
pathway_constrained_binn,37,1,225,0,0.05148648843169212
pathway_constrained_binn,37,1,235,1,0.12788602709770203
pathway_constrained_binn,37,1,245,1,0.593669593334198
pathway_constrained_binn,37,1,246,0,0.19042623043060303
pathway_constrained_binn,37,1,253,1,0.7934212684631348
pathway_constrained_binn,37,1,257,0,0.030916200950741768
pathway_constrained_binn,37,1,258,0,0.0071867830120027065
pathway_constrained_binn,37,1,276,0,0.07102702558040619
pathway_constrained_binn,37,1,279,0,0.9550952315330505
pathway_constrained_binn,37,1,287,0,0.39943963289260864
pathway_constrained_binn,37,1,292,1,0.6620818376541138
pathway_constrained_binn,37,1,293,0,0.10136573016643524
pathway_constrained_binn,37,1,315,0,0.2698364555835724
pathway_constrained_binn,37,1,316,0,0.0021011692006140947
pathway_constrained_binn,37,1,321,1,0.34515246748924255
pathway_constrained_binn,37,1,322,1,0.4440647065639496
pathway_constrained_binn,37,1,329,0,0.06551312655210495
pathway_constrained_binn,37,1,336,0,0.020374473184347153
pathway_constrained_binn,37,1,352,1,0.3387545943260193
pathway_constrained_binn,37,1,353,1,0.9838926792144775
pathway_constrained_binn,37,1,355,1,0.10653985291719437
pathway_constrained_binn,37,1,356,1,0.26605841517448425
pathway_constrained_binn,37,1,359,1,0.07143330574035645
pathway_constrained_binn,37,1,360,0,0.1421138346195221
pathway_constrained_binn,37,1,377,0,0.06557095050811768
pathway_constrained_binn,37,1,378,0,0.003395111532881856
pathway_constrained_binn,37,1,386,1,0.9859712719917297
pathway_constrained_binn,37,1,387,1,0.8830394148826599
pathway_constrained_binn,37,1,390,0,0.6612061858177185
pathway_constrained_binn,37,1,391,1,0.00522565795108676
pathway_constrained_binn,37,1,393,1,0.5847577452659607
pathway_constrained_binn,37,1,401,1,0.9655903577804565
pathway_constrained_binn,37,1,402,1,0.3124425411224365
pathway_constrained_binn,37,1,405,1,0.9919254183769226
pathway_constrained_binn,37,1,409,1,0.4085869789123535
pathway_constrained_binn,37,1,413,0,0.9270707368850708
pathway_constrained_binn,37,1,416,0,0.5649198293685913
pathway_constrained_binn,37,1,433,0,0.010524481534957886
pathway_constrained_binn,37,2,2,1,0.46762600541114807
pathway_constrained_binn,37,2,5,1,0.5556015372276306
pathway_constrained_binn,37,2,6,1,0.545862078666687
pathway_constrained_binn,37,2,9,1,0.38614919781684875
pathway_constrained_binn,37,2,11,1,0.6531409621238708
pathway_constrained_binn,37,2,25,0,0.28229865431785583
pathway_constrained_binn,37,2,26,0,0.5418444871902466
pathway_constrained_binn,37,2,32,0,0.6910516023635864
pathway_constrained_binn,37,2,38,1,0.5410614013671875
pathway_constrained_binn,37,2,61,1,0.8517520427703857
pathway_constrained_binn,37,2,62,0,0.8290001153945923
pathway_constrained_binn,37,2,63,1,0.8320004343986511
pathway_constrained_binn,37,2,72,1,0.6580289006233215
pathway_constrained_binn,37,2,76,0,0.3758668005466461
pathway_constrained_binn,37,2,85,0,0.10616463422775269
pathway_constrained_binn,37,2,96,0,0.526361882686615
pathway_constrained_binn,37,2,99,1,0.4425942003726959
pathway_constrained_binn,37,2,101,1,0.27700066566467285
pathway_constrained_binn,37,2,108,1,0.7799273133277893
pathway_constrained_binn,37,2,109,1,0.8901380300521851
pathway_constrained_binn,37,2,112,0,0.4412934482097626
pathway_constrained_binn,37,2,114,0,0.269303560256958
pathway_constrained_binn,37,2,118,0,0.6357568502426147
pathway_constrained_binn,37,2,119,0,0.7994195222854614
pathway_constrained_binn,37,2,123,0,0.5057758688926697
pathway_constrained_binn,37,2,129,0,0.32035303115844727
pathway_constrained_binn,37,2,130,0,0.16627678275108337
pathway_constrained_binn,37,2,133,0,0.22772926092147827
pathway_constrained_binn,37,2,140,1,0.3748587965965271
pathway_constrained_binn,37,2,142,1,0.641015350818634
pathway_constrained_binn,37,2,143,1,0.6666414737701416
pathway_constrained_binn,37,2,147,1,0.8269540667533875
pathway_constrained_binn,37,2,151,1,0.8747671246528625
pathway_constrained_binn,37,2,152,1,0.6793718338012695
pathway_constrained_binn,37,2,153,0,0.5904425978660583
pathway_constrained_binn,37,2,162,1,0.6259855628013611
pathway_constrained_binn,37,2,177,1,0.6057876348495483
pathway_constrained_binn,37,2,181,1,0.5944446921348572
pathway_constrained_binn,37,2,182,0,0.2845097482204437
pathway_constrained_binn,37,2,185,1,0.3223989009857178
pathway_constrained_binn,37,2,188,0,0.42281341552734375
pathway_constrained_binn,37,2,189,1,0.8026225566864014
pathway_constrained_binn,37,2,195,1,0.7041055560112
pathway_constrained_binn,37,2,200,1,0.6285915374755859
pathway_constrained_binn,37,2,201,1,0.5600164532661438
pathway_constrained_binn,37,2,203,0,0.4162415862083435
pathway_constrained_binn,37,2,214,0,0.6278515458106995
pathway_constrained_binn,37,2,217,0,0.3967507779598236
pathway_constrained_binn,37,2,218,0,0.1958615481853485
pathway_constrained_binn,37,2,224,0,0.27617019414901733
pathway_constrained_binn,37,2,230,0,0.3873685598373413
pathway_constrained_binn,37,2,231,0,0.27106133103370667
pathway_constrained_binn,37,2,232,0,0.7298510074615479
pathway_constrained_binn,37,2,244,0,0.44328343868255615
pathway_constrained_binn,37,2,250,1,0.32625001668930054
pathway_constrained_binn,37,2,251,0,0.7206900715827942
pathway_constrained_binn,37,2,252,0,0.4459434449672699
pathway_constrained_binn,37,2,265,0,0.049728814512491226
pathway_constrained_binn,37,2,270,0,0.040241748094558716
pathway_constrained_binn,37,2,275,1,0.6093736290931702
pathway_constrained_binn,37,2,286,0,0.7749083638191223
pathway_constrained_binn,37,2,290,1,0.5414069294929504
pathway_constrained_binn,37,2,295,1,0.6855822801589966
pathway_constrained_binn,37,2,297,0,0.6127340793609619
pathway_constrained_binn,37,2,300,0,0.4961601793766022
pathway_constrained_binn,37,2,304,1,0.6098959445953369
pathway_constrained_binn,37,2,305,0,0.3194786310195923
pathway_constrained_binn,37,2,309,1,0.29174456000328064
pathway_constrained_binn,37,2,312,0,0.1508355438709259
pathway_constrained_binn,37,2,333,0,0.24800698459148407
pathway_constrained_binn,37,2,335,1,0.30679094791412354
pathway_constrained_binn,37,2,347,1,0.4118618667125702
pathway_constrained_binn,37,2,348,0,0.5058403611183167
pathway_constrained_binn,37,2,351,1,0.866133987903595
pathway_constrained_binn,37,2,367,1,0.29538676142692566
pathway_constrained_binn,37,2,368,1,0.8010685443878174
pathway_constrained_binn,37,2,374,0,0.14025671780109406
pathway_constrained_binn,37,2,384,0,0.13272739946842194
pathway_constrained_binn,37,2,400,1,0.8375917673110962
pathway_constrained_binn,37,2,407,1,0.9168961644172668
pathway_constrained_binn,37,2,411,0,0.25037601590156555
pathway_constrained_binn,37,2,414,0,0.6201643347740173
pathway_constrained_binn,37,2,415,0,0.704875111579895
pathway_constrained_binn,37,2,418,0,0.44603145122528076
pathway_constrained_binn,37,2,421,0,0.06950650364160538
pathway_constrained_binn,37,2,425,1,0.5064923763275146
pathway_constrained_binn,37,2,435,0,0.20522010326385498
pathway_constrained_binn,37,2,437,0,0.06572051346302032
pathway_constrained_binn,37,3,8,1,0.986581563949585
pathway_constrained_binn,37,3,18,0,0.722467839717865
pathway_constrained_binn,37,3,29,1,0.9901694655418396
pathway_constrained_binn,37,3,31,1,0.9030601382255554
pathway_constrained_binn,37,3,34,1,0.654545783996582
pathway_constrained_binn,37,3,35,1,0.1050066128373146
pathway_constrained_binn,37,3,36,0,0.9747870564460754
pathway_constrained_binn,37,3,41,0,0.5558607578277588
pathway_constrained_binn,37,3,42,0,0.9937372207641602
pathway_constrained_binn,37,3,44,1,0.5777814388275146
pathway_constrained_binn,37,3,48,1,0.4103386402130127
pathway_constrained_binn,37,3,58,1,0.9551116228103638
pathway_constrained_binn,37,3,65,0,0.9020849466323853
pathway_constrained_binn,37,3,66,0,0.17741163074970245
pathway_constrained_binn,37,3,77,1,0.994494616985321
pathway_constrained_binn,37,3,83,0,0.02346791885793209
pathway_constrained_binn,37,3,87,0,0.3540821075439453
pathway_constrained_binn,37,3,91,0,0.02457977458834648
pathway_constrained_binn,37,3,95,1,0.0006522584008052945
pathway_constrained_binn,37,3,97,1,0.9252082705497742
pathway_constrained_binn,37,3,104,1,0.33818116784095764
pathway_constrained_binn,37,3,105,0,0.8060444593429565
pathway_constrained_binn,37,3,115,0,0.00187207804992795
pathway_constrained_binn,37,3,134,1,0.1697164922952652
pathway_constrained_binn,37,3,135,0,0.004743965808302164
pathway_constrained_binn,37,3,146,1,0.9959030747413635
pathway_constrained_binn,37,3,157,1,0.8532022833824158
pathway_constrained_binn,37,3,158,1,0.0429585799574852
pathway_constrained_binn,37,3,165,1,0.2760108411312103
pathway_constrained_binn,37,3,174,0,0.023290688171982765
pathway_constrained_binn,37,3,179,0,0.9647022485733032
pathway_constrained_binn,37,3,191,1,0.01955297775566578
pathway_constrained_binn,37,3,196,1,0.7783987522125244
pathway_constrained_binn,37,3,202,0,0.18935802578926086
pathway_constrained_binn,37,3,207,1,0.0320635549724102
pathway_constrained_binn,37,3,215,0,0.0017527628224343061
pathway_constrained_binn,37,3,226,0,0.047800127416849136
pathway_constrained_binn,37,3,228,0,0.9981927275657654
pathway_constrained_binn,37,3,229,0,0.09207899123430252
pathway_constrained_binn,37,3,242,0,0.38741788268089294
pathway_constrained_binn,37,3,247,0,0.9916056394577026
pathway_constrained_binn,37,3,254,0,0.20117484033107758
pathway_constrained_binn,37,3,263,0,0.07169460505247116
pathway_constrained_binn,37,3,264,0,7.023154466878623e-06
pathway_constrained_binn,37,3,267,0,0.11463150382041931
pathway_constrained_binn,37,3,271,1,0.0042695458978414536
pathway_constrained_binn,37,3,274,1,0.9041959047317505
pathway_constrained_binn,37,3,278,0,0.6238807439804077
pathway_constrained_binn,37,3,280,1,0.9062963128089905
pathway_constrained_binn,37,3,288,0,0.016023296862840652
pathway_constrained_binn,37,3,289,1,0.6286985874176025
pathway_constrained_binn,37,3,294,1,0.0018294695764780045
pathway_constrained_binn,37,3,299,1,0.04349315166473389
pathway_constrained_binn,37,3,301,0,0.9847358465194702
pathway_constrained_binn,37,3,308,0,0.049404941499233246
pathway_constrained_binn,37,3,310,0,0.0677303820848465
pathway_constrained_binn,37,3,311,0,0.5439264178276062
pathway_constrained_binn,37,3,313,0,0.00043114955769851804
pathway_constrained_binn,37,3,317,1,0.7355552911758423
pathway_constrained_binn,37,3,319,1,0.0140716303139925
pathway_constrained_binn,37,3,324,0,0.9038634300231934
pathway_constrained_binn,37,3,326,1,0.14466720819473267
pathway_constrained_binn,37,3,331,1,0.009369738399982452
pathway_constrained_binn,37,3,332,0,0.9872815012931824
pathway_constrained_binn,37,3,334,0,0.04021652042865753
pathway_constrained_binn,37,3,337,1,0.24249513447284698
pathway_constrained_binn,37,3,338,0,0.1839599758386612
pathway_constrained_binn,37,3,340,1,0.9526966214179993
pathway_constrained_binn,37,3,341,1,0.000880566774867475
pathway_constrained_binn,37,3,344,0,0.002329113893210888
pathway_constrained_binn,37,3,357,1,0.7314127683639526
pathway_constrained_binn,37,3,358,1,0.9606477618217468
pathway_constrained_binn,37,3,365,0,9.785750080482103e-06
pathway_constrained_binn,37,3,369,0,0.09344226121902466
pathway_constrained_binn,37,3,371,1,0.9972654581069946
pathway_constrained_binn,37,3,373,0,0.28261345624923706
pathway_constrained_binn,37,3,375,0,0.021735655143857002
pathway_constrained_binn,37,3,379,0,0.01792825572192669
pathway_constrained_binn,37,3,389,1,0.59856778383255
pathway_constrained_binn,37,3,394,1,0.0004875600861851126
pathway_constrained_binn,37,3,395,1,0.9602471590042114
pathway_constrained_binn,37,3,406,1,0.9260740876197815
pathway_constrained_binn,37,3,410,0,0.24886071681976318
pathway_constrained_binn,37,3,419,0,0.1409493386745453
pathway_constrained_binn,37,3,420,0,0.3387131094932556
pathway_constrained_binn,37,3,424,1,0.05764904245734215
pathway_constrained_binn,37,3,432,0,0.0077444338239729404
pathway_constrained_binn,37,3,434,0,0.5083615183830261
pathway_constrained_binn,37,4,1,1,0.9227109551429749
pathway_constrained_binn,37,4,3,0,0.9905450344085693
pathway_constrained_binn,37,4,14,1,0.7620490193367004
pathway_constrained_binn,37,4,17,0,0.18250955641269684
pathway_constrained_binn,37,4,19,0,0.9495890736579895
pathway_constrained_binn,37,4,24,0,0.6669782400131226
pathway_constrained_binn,37,4,28,1,0.9890656471252441
pathway_constrained_binn,37,4,43,1,0.35581696033477783
pathway_constrained_binn,37,4,57,0,0.9926432967185974
pathway_constrained_binn,37,4,68,0,0.0019239892717450857
pathway_constrained_binn,37,4,73,0,0.30423057079315186
pathway_constrained_binn,37,4,80,1,0.23702795803546906
pathway_constrained_binn,37,4,81,0,0.6865025162696838
pathway_constrained_binn,37,4,82,0,0.001351645914837718
pathway_constrained_binn,37,4,89,0,0.007734671235084534
pathway_constrained_binn,37,4,90,0,0.0012713487958535552
pathway_constrained_binn,37,4,98,1,0.9476328492164612
pathway_constrained_binn,37,4,100,1,0.02579471282660961
pathway_constrained_binn,37,4,102,0,0.0002836209605447948
pathway_constrained_binn,37,4,106,1,0.9307000637054443
pathway_constrained_binn,37,4,110,1,0.0017503725830465555
pathway_constrained_binn,37,4,113,0,0.10132262855768204
pathway_constrained_binn,37,4,124,1,0.008241615258157253
pathway_constrained_binn,37,4,128,0,0.08256902545690536
pathway_constrained_binn,37,4,139,1,0.911336362361908
pathway_constrained_binn,37,4,141,1,0.954705536365509
pathway_constrained_binn,37,4,144,1,0.9795350432395935
pathway_constrained_binn,37,4,149,1,0.749069094657898
pathway_constrained_binn,37,4,154,1,0.8705998063087463
pathway_constrained_binn,37,4,156,1,0.5680868625640869
pathway_constrained_binn,37,4,161,0,0.7688021659851074
pathway_constrained_binn,37,4,163,1,8.4039376815781e-05
pathway_constrained_binn,37,4,169,1,0.025460759177803993
pathway_constrained_binn,37,4,171,1,0.7693975567817688
pathway_constrained_binn,37,4,176,1,0.9198289513587952
pathway_constrained_binn,37,4,178,1,0.988247811794281
pathway_constrained_binn,37,4,194,1,0.33738210797309875
pathway_constrained_binn,37,4,197,0,0.020881911739706993
pathway_constrained_binn,37,4,204,0,0.008734173141419888
pathway_constrained_binn,37,4,205,1,0.21333962678909302
pathway_constrained_binn,37,4,206,0,0.9444659948348999
pathway_constrained_binn,37,4,208,0,0.006489738821983337
pathway_constrained_binn,37,4,210,0,0.021524570882320404
pathway_constrained_binn,37,4,213,0,0.7210432291030884
pathway_constrained_binn,37,4,216,1,0.8841615319252014
pathway_constrained_binn,37,4,221,1,0.01034415140748024
pathway_constrained_binn,37,4,222,0,0.0013288668124005198
pathway_constrained_binn,37,4,223,0,0.7711309790611267
pathway_constrained_binn,37,4,227,0,0.026869580149650574
pathway_constrained_binn,37,4,238,1,0.11404763907194138
pathway_constrained_binn,37,4,256,0,0.01750585064291954
pathway_constrained_binn,37,4,259,0,0.20818468928337097
pathway_constrained_binn,37,4,260,1,0.7998546361923218
pathway_constrained_binn,37,4,261,0,0.06356468051671982
pathway_constrained_binn,37,4,262,0,0.5191014409065247
pathway_constrained_binn,37,4,266,0,0.1704668551683426
pathway_constrained_binn,37,4,268,1,0.3454546630382538
pathway_constrained_binn,37,4,273,1,0.6827505230903625
pathway_constrained_binn,37,4,282,1,0.10896170884370804
pathway_constrained_binn,37,4,283,1,0.0056575206108391285
pathway_constrained_binn,37,4,284,1,0.3373938798904419
pathway_constrained_binn,37,4,285,0,0.08250606060028076
pathway_constrained_binn,37,4,291,0,0.007403315510600805
pathway_constrained_binn,37,4,298,0,0.049072857946157455
pathway_constrained_binn,37,4,314,0,0.001075003994628787
pathway_constrained_binn,37,4,318,1,0.9428907036781311
pathway_constrained_binn,37,4,325,1,0.5156209468841553
pathway_constrained_binn,37,4,327,1,0.7098782062530518
pathway_constrained_binn,37,4,328,1,0.25075048208236694
pathway_constrained_binn,37,4,330,0,0.9281607270240784
pathway_constrained_binn,37,4,339,1,0.13534271717071533
pathway_constrained_binn,37,4,342,0,0.8037851452827454
pathway_constrained_binn,37,4,343,0,0.05166349932551384
pathway_constrained_binn,37,4,345,0,0.21953442692756653
pathway_constrained_binn,37,4,346,0,0.05195137858390808
pathway_constrained_binn,37,4,349,0,0.9854098558425903
pathway_constrained_binn,37,4,350,0,0.7885461449623108
pathway_constrained_binn,37,4,363,0,0.036647018045186996
pathway_constrained_binn,37,4,370,1,0.9911355972290039
pathway_constrained_binn,37,4,372,0,0.0013166682329028845
pathway_constrained_binn,37,4,376,0,0.9858114719390869
pathway_constrained_binn,37,4,381,0,0.0010025405790656805
pathway_constrained_binn,37,4,403,1,0.94761723279953
pathway_constrained_binn,37,4,423,0,0.0033154685515910387
pathway_constrained_binn,37,4,426,1,0.7025881409645081
pathway_constrained_binn,37,4,429,1,0.05453122407197952
pathway_constrained_binn,37,4,431,0,0.005069448612630367
pathway_constrained_binn,37,5,0,0,0.4949117600917816
pathway_constrained_binn,37,5,4,1,0.4391328990459442
pathway_constrained_binn,37,5,7,1,0.9739933013916016
pathway_constrained_binn,37,5,12,0,0.25724270939826965
pathway_constrained_binn,37,5,22,0,0.3984970450401306
pathway_constrained_binn,37,5,23,0,0.5258141160011292
pathway_constrained_binn,37,5,27,0,0.049985021352767944
pathway_constrained_binn,37,5,30,1,0.9534093141555786
pathway_constrained_binn,37,5,37,1,0.2786436080932617
pathway_constrained_binn,37,5,46,1,0.32671159505844116
pathway_constrained_binn,37,5,49,1,0.7981682419776917
pathway_constrained_binn,37,5,52,1,0.7992128729820251
pathway_constrained_binn,37,5,53,1,0.28477901220321655
pathway_constrained_binn,37,5,59,1,0.8151607513427734
pathway_constrained_binn,37,5,60,1,0.38359200954437256
pathway_constrained_binn,37,5,64,1,0.11672276258468628
pathway_constrained_binn,37,5,75,0,0.0005362858646549284
pathway_constrained_binn,37,5,78,0,0.3638817369937897
pathway_constrained_binn,37,5,79,0,0.0942016988992691
pathway_constrained_binn,37,5,86,0,0.23843608796596527
pathway_constrained_binn,37,5,88,0,0.6252136826515198
pathway_constrained_binn,37,5,94,0,0.014077267609536648
pathway_constrained_binn,37,5,107,1,0.311693012714386
pathway_constrained_binn,37,5,111,0,0.11244194209575653
pathway_constrained_binn,37,5,121,1,0.017455361783504486
pathway_constrained_binn,37,5,127,0,0.17299658060073853
pathway_constrained_binn,37,5,138,1,0.9642987251281738
pathway_constrained_binn,37,5,145,1,0.23970668017864227
pathway_constrained_binn,37,5,148,1,0.993424654006958
pathway_constrained_binn,37,5,150,0,0.9165459275245667
pathway_constrained_binn,37,5,155,0,0.3201158046722412
pathway_constrained_binn,37,5,159,1,0.992902934551239
pathway_constrained_binn,37,5,160,1,0.9605302214622498
pathway_constrained_binn,37,5,175,1,0.52703458070755
pathway_constrained_binn,37,5,180,1,0.7086775898933411
pathway_constrained_binn,37,5,183,1,0.4594537913799286
pathway_constrained_binn,37,5,186,1,0.766666054725647
pathway_constrained_binn,37,5,187,0,0.05314292386174202
pathway_constrained_binn,37,5,190,1,0.7088204622268677
pathway_constrained_binn,37,5,212,0,0.02550339139997959
pathway_constrained_binn,37,5,220,1,0.40821918845176697
pathway_constrained_binn,37,5,233,1,0.4294773042201996
pathway_constrained_binn,37,5,234,0,0.0018982277251780033
pathway_constrained_binn,37,5,236,1,0.12028983235359192
pathway_constrained_binn,37,5,237,1,0.04761585593223572
pathway_constrained_binn,37,5,239,0,0.6492498517036438
pathway_constrained_binn,37,5,240,0,0.20253191888332367
pathway_constrained_binn,37,5,241,0,0.010770516470074654
pathway_constrained_binn,37,5,243,0,0.04787634313106537
pathway_constrained_binn,37,5,248,0,0.010067527182400227
pathway_constrained_binn,37,5,249,1,0.7464890480041504
pathway_constrained_binn,37,5,255,0,0.2788569927215576
pathway_constrained_binn,37,5,269,1,0.6389352679252625
pathway_constrained_binn,37,5,272,1,0.17416229844093323
pathway_constrained_binn,37,5,277,0,0.019737236201763153
pathway_constrained_binn,37,5,281,0,0.005008637439459562
pathway_constrained_binn,37,5,296,0,0.08760043978691101
pathway_constrained_binn,37,5,302,1,0.5464345216751099
pathway_constrained_binn,37,5,303,1,0.9843006730079651
pathway_constrained_binn,37,5,306,0,0.0007220184779725969
pathway_constrained_binn,37,5,307,0,0.02770538441836834
pathway_constrained_binn,37,5,320,0,0.9795031547546387
pathway_constrained_binn,37,5,323,0,0.6935317516326904
pathway_constrained_binn,37,5,354,0,0.5219602584838867
pathway_constrained_binn,37,5,361,1,0.7742970585823059
pathway_constrained_binn,37,5,362,0,0.8119470477104187
pathway_constrained_binn,37,5,364,0,0.16984029114246368
pathway_constrained_binn,37,5,366,0,0.0022637038491666317
pathway_constrained_binn,37,5,380,0,0.01930445246398449
pathway_constrained_binn,37,5,382,0,0.023783687502145767
pathway_constrained_binn,37,5,383,0,0.00726886885240674
pathway_constrained_binn,37,5,385,0,0.00043456460116431117
pathway_constrained_binn,37,5,388,1,0.47855326533317566
pathway_constrained_binn,37,5,392,0,0.00540758203715086
pathway_constrained_binn,37,5,396,1,0.7961956858634949
pathway_constrained_binn,37,5,397,1,0.8251374959945679
pathway_constrained_binn,37,5,398,1,0.21994176506996155
pathway_constrained_binn,37,5,399,1,0.4126235246658325
pathway_constrained_binn,37,5,404,1,0.9431886076927185
pathway_constrained_binn,37,5,408,1,0.8936768174171448
pathway_constrained_binn,37,5,412,0,0.14635536074638367
pathway_constrained_binn,37,5,417,0,0.0677422434091568
pathway_constrained_binn,37,5,422,0,0.016403447836637497
pathway_constrained_binn,37,5,427,0,0.0007239097612909973
pathway_constrained_binn,37,5,428,1,0.5276224613189697
pathway_constrained_binn,37,5,430,0,0.9456965327262878
pathway_constrained_binn,37,5,436,0,1.8359221940045245e-05
